{
  "properties": {
    "connectionReferences": {
      "shared_commondataserviceforapps": {
        "runtimeSource": "embedded",
        "connection": {
          "connectionReferenceLogicalName": "chpqa_sharedcommondataserviceforapps_1e0a9"
        },
        "api": {
          "name": "shared_commondataserviceforapps"
        }
      },
      "shared_office365": {
        "runtimeSource": "embedded",
        "connection": {
          "connectionReferenceLogicalName": "chpqa_sharedoffice365_d73b3"
        },
        "api": {
          "name": "shared_office365"
        }
      }
    },
    "definition": {
      "$schema": "https://schema.management.azure.com/providers/Microsoft.Logic/schemas/2016-06-01/workflowdefinition.json#",
      "contentVersion": "1.0.0.0",
      "parameters": {
        "$connections": {
          "defaultValue": {},
          "type": "Object"
        },
        "$authentication": {
          "defaultValue": {},
          "type": "SecureObject"
        }
      },
      "triggers": {
        "When_a_row_is_added,_modified_or_deleted": {
          "metadata": {
            "operationMetadataId": "39cc26fa-dfa3-453b-9d03-0f35b3e39f51"
          },
          "type": "OpenApiConnectionWebhook",
          "inputs": {
            "host": {
              "connectionName": "shared_commondataserviceforapps",
              "operationId": "SubscribeWebhookTrigger",
              "apiId": "/providers/Microsoft.PowerApps/apis/shared_commondataserviceforapps"
            },
            "parameters": {
              "subscriptionRequest/message": 1,
              "subscriptionRequest/entityname": "chpqa_submission",
              "subscriptionRequest/scope": 4
            },
            "authentication": "@parameters('$authentication')"
          }
        }
      },
      "actions": {
        "Add_a_new_row": {
          "runAfter": {
            "Get_company_name": [
              "Succeeded"
            ]
          },
          "metadata": {
            "operationMetadataId": "ef0752df-9e92-46aa-85df-e02d9da163c2"
          },
          "type": "OpenApiConnection",
          "inputs": {
            "host": {
              "connectionName": "shared_commondataserviceforapps",
              "operationId": "CreateRecord",
              "apiId": "/providers/Microsoft.PowerApps/apis/shared_commondataserviceforapps"
            },
            "parameters": {
              "entityName": "incidents",
              "item/title": "Submission @{triggerOutputs()?['body/chpqa_name']} (@{outputs('Get_company_name')?['body/name']} / @{outputs('Get_site_name')?['body/chpqa_name']})",
              "item/customerid_account@odata.bind": "/accounts/@{triggerOutputs()?['body/_chpqa_company_value']}",
              "item/description": "Annual submission from @{outputs('Get_company_name')?['body/name']}, site @{outputs('Get_site_name')?['body/chpqa_name']}, Scheme reference @{triggerOutputs()?['body/chpqa_name']}",
              "item/statuscode": 303150001,
              "item/caseorigincode": 3,
              "item/chpqa_Submission@odata.bind": "/chpqa_submissions/@{triggerOutputs()?['body/chpqa_submissionid']}"
            },
            "authentication": "@parameters('$authentication')"
          }
        },
        "Get_company_name": {
          "runAfter": {
            "Get_site_name": [
              "Succeeded"
            ]
          },
          "metadata": {
            "operationMetadataId": "9dcf9437-9560-49fb-b43a-b8be0cdb3249"
          },
          "type": "OpenApiConnection",
          "inputs": {
            "host": {
              "connectionName": "shared_commondataserviceforapps",
              "operationId": "GetItem",
              "apiId": "/providers/Microsoft.PowerApps/apis/shared_commondataserviceforapps"
            },
            "parameters": {
              "entityName": "accounts",
              "recordId": "@triggerOutputs()?['body/_chpqa_company_value']",
              "$select": "name"
            },
            "authentication": "@parameters('$authentication')"
          }
        },
        "Get_site_name": {
          "runAfter": {},
          "metadata": {
            "operationMetadataId": "184807b4-1076-4d02-ad68-c424d7f08b41"
          },
          "type": "OpenApiConnection",
          "inputs": {
            "host": {
              "connectionName": "shared_commondataserviceforapps",
              "operationId": "GetItem",
              "apiId": "/providers/Microsoft.PowerApps/apis/shared_commondataserviceforapps"
            },
            "parameters": {
              "entityName": "chpqa_sites",
              "recordId": "@triggerOutputs()?['body/_chpqa_site_value']",
              "$select": "chpqa_name"
            },
            "authentication": "@parameters('$authentication')"
          }
        },
        "Send_an_email_(V2)": {
          "runAfter": {
            "Add_a_new_row": [
              "Succeeded"
            ]
          },
          "metadata": {
            "operationMetadataId": "02f40ab0-80e7-4f9f-ad27-00cfeaee3d8d"
          },
          "type": "OpenApiConnection",
          "inputs": {
            "host": {
              "connectionName": "shared_office365",
              "operationId": "SendEmailV2",
              "apiId": "/providers/Microsoft.PowerApps/apis/shared_office365"
            },
            "parameters": {
              "emailMessage/To": "stuart.brown@equalexperts.com;ali.zaman@equalexperts.com",
              "emailMessage/Subject": "New submission for  scheme ref @{triggerOutputs()?['body/chpqa_name']}",
              "emailMessage/Body": "<p><span style=\"font-size: 14px\"><strong>A new submission is ready for assessment:</strong></span> <span style=\"font-size: 14px\"></span><a href=\"https://ee-chpqa-prototype.crm11.dynamics.com/main.aspx?appid=0d011fa3-4cc3-ed11-b596-6045bdc1d72b&amp;pagetype=entityrecord&amp;etn=incident&amp;id=@{outputs('Add_a_new_row')?['body/incidentid']}\"><span style=\"font-size: 14px\">View case</span></a><span style=\"font-size: 14px\"> <br>\n</span></p>",
              "emailMessage/Importance": "Normal"
            },
            "authentication": "@parameters('$authentication')"
          }
        }
      }
    },
    "templateName": ""
  },
  "schemaVersion": "1.0.0.0"
}